,type,tables,projectile,target,m_nucleon
0,F2,[1],0,20.0,4.964912284800315
1,F3,[1],0,20.0,4.964912284800315
2,QBAR,[2],0,20.0,4.964912284800315
