,type,tables,projectile,target,m_nucleon
0,F2,[1],0,50,0.992982456960063
1,F3,[1],0,50,0.992982456960063
2,QBAR,[2],0,50,0.992982456960063
